{"cameraMode":{"drawMode":0,"name":"Shaded","section":"Shading Mode"},"sceneLighting":true,"audioPlay":false,"sceneViewState":{"showFog":true,"showMaterialUpdate":false,"showSkybox":true,"showFlares":true,"showImageEffects":true,"showParticleSystems":true},"in2DMode":false,"pivot":{"x":2.1722865104675295,"y":4.011345863342285,"z":-1.4767541885375977},"rotation":{"x":-0.1748937964439392,"y":-0.013586901128292084,"z":0.002439446747303009,"w":-0.9845173954963684},"size":6.343404293060303,"orthographic":false}